name,hash,c
TT_Dancer,544a96c421ca3b320450837b6cbaf819,10
INV_Flutter,cd33d9e62d38bcccaa243f2330fa0fb0,7
TT_AutumnSky,e102ef5955421b7f93c67ff93ef8f4c1,7
pingu,c73ae178c1ea0d6849de085452dab5f0,5
TT_killerrap,104b1703b9377f7fe9e9543026a7377b,4
TT_Lucifer,bdf72d03a7847ab2c2e020b0964521a2,3
OnionMan,99b14ade132efc0c6a1407fea6864298,2
TT_kyokyo,26c93e7a74a7790b1a2985e08e8802da,1
Dorie,d51647aeea2f2798f159e62faa4d7704,1
GG_CyphyLite,313ede665c0f0c46afabe12a5f7bae46,0
TT_Druid,f6da0c084878908896e7831ae2e051c0,0
